listener	dialer	rep	result	reasons
JS	JS	1	PASS	-
JS	JS	2	PASS	-
JS	JS	3	PASS	-
JS	Python	1	PASS	-
JS	Python	2	PASS	-
JS	Python	3	PASS	-
JS	Nim	1	PASS	-
JS	Nim	2	PASS	-
JS	Nim	3	PASS	-
JS	Rust	1	PASS	-
JS	Rust	2	PASS	-
JS	Rust	3	PASS	-
Python	JS	1	PASS	-
Python	JS	2	PASS	-
Python	JS	3	PASS	-
Python	Python	1	PASS	-
Python	Python	2	PASS	-
Python	Python	3	PASS	-
Python	Nim	1	PASS	-
Python	Nim	2	PASS	-
Python	Nim	3	PASS	-
Python	Rust	1	PASS	-
Python	Rust	2	PASS	-
Python	Rust	3	PASS	-
Nim	JS	1	PASS	-
Nim	JS	2	PASS	-
Nim	JS	3	PASS	-
Nim	Python	1	PASS	-
Nim	Python	2	PASS	-
Nim	Python	3	PASS	-
Nim	Nim	1	PASS	-
Nim	Nim	2	PASS	-
Nim	Nim	3	PASS	-
Nim	Rust	1	PASS	-
Nim	Rust	2	PASS	-
Nim	Rust	3	PASS	-
Rust	JS	1	PASS	-
Rust	JS	2	PASS	-
Rust	JS	3	PASS	-
Rust	Python	1	PASS	-
Rust	Python	2	PASS	-
Rust	Python	3	PASS	-
Rust	Nim	1	PASS	-
Rust	Nim	2	PASS	-
Rust	Nim	3	PASS	-
Rust	Rust	1	PASS	-
Rust	Rust	2	PASS	-
Rust	Rust	3	PASS	-
